"platform","subreddit","username","url","title","complaint","comment","published"
"reddit","r/buildinpublic","Impressive-Eggplant6","https://www.reddit.com/r/buildinpublic/comments/1rsx2b3/why_my_saas_failed_here_is_what_i_learned","Why my SaaS failed - Here is what I learned","I built a newsletter tool that would allow people to find any business in their area and reach out to them to get them to sponsor their newsletter.    It had an added feature that would even take the prospect from lead to sponsor and allow them to schedule their ad automatically in their newsletter ","This is one of the most common walls founders hit — a few things that actually move the needle:

1. **Specificity is everything.** The more your message reflects their exact situation, the higher your reply rate.
2. **Don't scale until it works manually.** Do 20 outreaches by hand first — you'll learn what language lands.
3. **Multi-touch works.** Email + LinkedIn view + engaging with their content = 3x better than email alone.

Building [AXON](https://axon.so) to automate exactly this — finds leads, writes personalised emails, handles follow-ups. Launching in 2 weeks with founding member pricing.","2026-03-13 19:26 UTC"
"reddit","r/coldemail","meditationonsteroids","https://www.reddit.com/r/coldemail/comments/1rswuq2/first_cold_email_campaign_for_my_ai_video_agency","First cold email campaign for my AI video agency – setup feedback (GMass + PuzzleInbox)","I run a small AI video / storytelling agency.   Until recently most of my work has been with real estate agents creating cinematic listing videos. I’ve also had a few short AI films featured in AI film festivals, so I have some proof of work and creative credibility.   Recently I’ve been experimenti","Deliverability kills more campaigns than bad copy does. Three quick fixes:

1. **Warmup before sending.** Fresh domains need 4–6 weeks of warmup — skipping this tanks your sender score immediately.
2. **Plain text > HTML.** Formatted emails with images trigger spam filters. Write like a human, not a newsletter.
3. **Check mail-tester.com** — gives you a real score and tells you exactly what's broken.

I'm building [AXON](https://axon.so) which handles warmup + sending infrastructure automatically. Launching in 2 weeks with 40% founding member discount if useful.","2026-03-13 19:18 UTC"
"reddit","r/appointmentsetter","Sea_Lengthiness_4627","https://www.reddit.com/r/appointmentsetter/comments/1rsw8in/i_got_tired_of_manual_lead_generation_so_i_built","I got tired of manual lead generation so I built an AI SDR that does everything an SDR does","Manual outbound takes forever.   Finding leads, sending emails, follow-ups, replying, booking calls.   So I built an AI SDR system to automate it.   What it currently does:   • finds companies and decision makers • enriches emails • scores leads based on intent and engagement • runs cold outreach • ","Lead gen being this hard usually means the ICP is too broad. A few things that help:

1. **Niche down harder.** 'B2B founders' is noise — 'SaaS founders who just posted a hiring ad' is a real signal.
2. **Trigger-based beats cold lists.** Job posts, funding rounds, new hires = people with active budgets.
3. **LinkedIn view before email** adds ~15% to reply rates in most tests.

I'm building [AXON](https://axon.so) which automates finding leads by trigger and writes the outreach. 2 weeks to launch, founding member pricing available.","2026-03-13 18:56 UTC"
"reddit","r/ColdEmailMasters","Touristinternation","https://www.reddit.com/r/ColdEmailMasters/comments/1rsw5zp/we_are_hiring_email_marketing_executive_cold","We Are Hiring: Email Marketing Executive (Cold Emailing)","Experience Required:  6 Months – 1 Year   Job Type:  Full-Time / Part-Time / Remote   Industry:  Digital Marketing   About the Role   We are looking for a motivated  Email Marketing Executive  who has experience in  cold email outreach and lead generation . The ideal candidate should know how to fin","Lead gen being this hard usually means the ICP is too broad. A few things that help:

1. **Niche down harder.** 'B2B founders' is noise — 'SaaS founders who just posted a hiring ad' is a real signal.
2. **Trigger-based beats cold lists.** Job posts, funding rounds, new hires = people with active budgets.
3. **LinkedIn view before email** adds ~15% to reply rates in most tests.

I'm building [AXON](https://axon.so) which automates finding leads by trigger and writes the outreach. 2 weeks to launch, founding member pricing available.","2026-03-13 18:54 UTC"
"reddit","r/RecruitmentAgencies","Animehub03","https://www.reddit.com/r/RecruitmentAgencies/comments/1rsw5ui/how_do_you_get_clients","How do you get clients?","Hey so I am curious about how firms get clients basically?   Is it more referrals or outreach?     &#32; submitted by &#32;   /u/Animehub03   &#32; to &#32;   r/RecruitmentAgencies       [link]   &#32;   [comments]","This is one of the most common walls founders hit — a few things that actually move the needle:

1. **Specificity is everything.** The more your message reflects their exact situation, the higher your reply rate.
2. **Don't scale until it works manually.** Do 20 outreaches by hand first — you'll learn what language lands.
3. **Multi-touch works.** Email + LinkedIn view + engaging with their content = 3x better than email alone.

Building [AXON](https://axon.so) to automate exactly this — finds leads, writes personalised emails, handles follow-ups. Launching in 2 weeks with founding member pricing.","2026-03-13 18:54 UTC"
"reddit","r/cod_ua","COD_UA_NEWS","https://www.reddit.com/r/cod_ua/comments/1rsw3bm/подія_paradox_junction_у_black_ops_7","Подія «Paradox Junction» у Black Ops 7","Вбиваючи зомбі на цій мапі ви заробляєте очки задля отримання нагород, а також змагальництва з іншими гравцями.   Кількість очок за дії:     Вбивство зомбі = 1   Вбивство особливого зомбі = 25   Виконання завдання від T.E.D.D. = 50   Виконання сюжетного квесту = 5000     Особисті нагороди наступні: ","This is one of the most common walls founders hit — a few things that actually move the needle:

1. **Specificity is everything.** The more your message reflects their exact situation, the higher your reply rate.
2. **Don't scale until it works manually.** Do 20 outreaches by hand first — you'll learn what language lands.
3. **Multi-touch works.** Email + LinkedIn view + engaging with their content = 3x better than email alone.

Building [AXON](https://axon.so) to automate exactly this — finds leads, writes personalised emails, handles follow-ups. Launching in 2 weeks with founding member pricing.","2026-03-13 18:51 UTC"
"reddit","r/WWU","wwu-doc","https://www.reddit.com/r/WWU/comments/1rsw193/disability_community_end_of_winter_quarter","Disability Community End of Winter Quarter Celebration - TODAY, Friday, March 13 from 4:30 PM - 6:00 PM in VU 735","Join the Disability Access Center and Disability Outreach Center for a Disability Community End of Winter Quarter Celebration on Friday, March 13 from 4:30 PM - 6:00 PM in the Multicultural Center Multi-Use Room (Viking Union 735)! All are invited to come celebrate, eat, and join in community.     M","This is one of the most common walls founders hit — a few things that actually move the needle:

1. **Specificity is everything.** The more your message reflects their exact situation, the higher your reply rate.
2. **Don't scale until it works manually.** Do 20 outreaches by hand first — you'll learn what language lands.
3. **Multi-touch works.** Email + LinkedIn view + engaging with their content = 3x better than email alone.

Building [AXON](https://axon.so) to automate exactly this — finds leads, writes personalised emails, handles follow-ups. Launching in 2 weeks with founding member pricing.","2026-03-13 18:49 UTC"
"reddit","r/NextGenEmailMarketing","Patient_Tax4840","https://www.reddit.com/r/NextGenEmailMarketing/comments/1rsw0lh/cold_email_is_dying_because_most_people_design_it","Cold Email is Dying — Because Most People Design It Wrong","Cold email doesn’t fail because of deliverability.   It fails because people design terrible emails.   Most outreach today looks like this:   • Big HTML templates   • 5 links   • “Schedule a demo” buttons   • Fake personalization   • 200-word sales pitches   Mailbox providers see it as marketing spa","Deliverability kills more campaigns than bad copy does. Three quick fixes:

1. **Warmup before sending.** Fresh domains need 4–6 weeks of warmup — skipping this tanks your sender score immediately.
2. **Plain text > HTML.** Formatted emails with images trigger spam filters. Write like a human, not a newsletter.
3. **Check mail-tester.com** — gives you a real score and tells you exactly what's broken.

I'm building [AXON](https://axon.so) which handles warmup + sending infrastructure automatically. Launching in 2 weeks with 40% founding member discount if useful.","2026-03-13 18:48 UTC"
"reddit","r/SaaS","Sea_Lengthiness_4627","https://www.reddit.com/r/SaaS/comments/1rsw09k/i_got_tired_of_manual_lead_generation_so_i_built","I got tired of manual lead generation so I built an AI SDR that does everything an SDR does","Manual outbound takes forever.   Finding leads, sending emails, follow-ups, replying, booking calls.   So I built an AI SDR system to automate it.   What it currently does:   • finds companies and decision makers • enriches emails • runs cold outreach • sends follow-ups automatically • analyzes repl","Lead gen being this hard usually means the ICP is too broad. A few things that help:

1. **Niche down harder.** 'B2B founders' is noise — 'SaaS founders who just posted a hiring ad' is a real signal.
2. **Trigger-based beats cold lists.** Job posts, funding rounds, new hires = people with active budgets.
3. **LinkedIn view before email** adds ~15% to reply rates in most tests.

I'm building [AXON](https://axon.so) which automates finding leads by trigger and writes the outreach. 2 weeks to launch, founding member pricing available.","2026-03-13 18:48 UTC"
"reddit","r/coldemail","Chara_Laine","https://www.reddit.com/r/coldemail/comments/1rsvw9r/did_clay_just_price_out_half_its_user_base","Did Clay just price out half its user base?","Been using Clay for a while for enrichment + outreach workflows, and the new pricing caught me off guard.   The removal of the Explorer plan alone is a huge shift. Now if you want API access or webhooks you’re basically looking at the $495/month plan.   What really surprised me is the new Action cre","This is one of the most common walls founders hit — a few things that actually move the needle:

1. **Specificity is everything.** The more your message reflects their exact situation, the higher your reply rate.
2. **Don't scale until it works manually.** Do 20 outreaches by hand first — you'll learn what language lands.
3. **Multi-touch works.** Email + LinkedIn view + engaging with their content = 3x better than email alone.

Building [AXON](https://axon.so) to automate exactly this — finds leads, writes personalised emails, handles follow-ups. Launching in 2 weeks with founding member pricing.","2026-03-13 18:44 UTC"
"reddit","r/SaaS","saadalsattouf","https://www.reddit.com/r/SaaS/comments/1rsvvql/how_did_you_land_your_first_client","How did you land your first client ?","Hi everyone,   I’ve spent the past few months building my first SaaS product.   Now that I’m getting close to launching and talking to real users, I’ve noticed something interesting.   It’s not just about building the product anymore — it’s about staying disciplined, calm, and focused while dealing ","This is one of the most common walls founders hit — a few things that actually move the needle:

1. **Specificity is everything.** The more your message reflects their exact situation, the higher your reply rate.
2. **Don't scale until it works manually.** Do 20 outreaches by hand first — you'll learn what language lands.
3. **Multi-touch works.** Email + LinkedIn view + engaging with their content = 3x better than email alone.

Building [AXON](https://axon.so) to automate exactly this — finds leads, writes personalised emails, handles follow-ups. Launching in 2 weeks with founding member pricing.","2026-03-13 18:43 UTC"
"reddit","r/spoonerism","Parking_Spot","https://www.reddit.com/r/spoonerism/comments/1rsvukr/meta_ubinpdx_has_been_banned_plans_for_the_weekly","META: u/binpdx has been banned, plans for the Weekly Brain Dump","The last few months in my favorite little corner of the internet have been uncharacteristically dramatic. The enthusiastic participation of  u/binpdx  generated an unprecedented number of reports, and though they were not breaking any of the subs rules, it became clear that some sort of intervention","This is one of the most common walls founders hit — a few things that actually move the needle:

1. **Specificity is everything.** The more your message reflects their exact situation, the higher your reply rate.
2. **Don't scale until it works manually.** Do 20 outreaches by hand first — you'll learn what language lands.
3. **Multi-touch works.** Email + LinkedIn view + engaging with their content = 3x better than email alone.

Building [AXON](https://axon.so) to automate exactly this — finds leads, writes personalised emails, handles follow-ups. Launching in 2 weeks with founding member pricing.","2026-03-13 18:42 UTC"
"reddit","r/PremedPrep","Agreeable-Ad4806","https://www.reddit.com/r/PremedPrep/comments/1rsvthf/premed_extracurriculars","Premed Extracurriculars","First, here’s an overview of the kind of activities I’m referring to when I say “premed extracurriculars.”      Shadowing physicians to see advanced clinical care firsthand     Clinical volunteering in hospitals, clinics, or nursing homes     Community service like mentoring, tutoring, or health out","This is one of the most common walls founders hit — a few things that actually move the needle:

1. **Specificity is everything.** The more your message reflects their exact situation, the higher your reply rate.
2. **Don't scale until it works manually.** Do 20 outreaches by hand first — you'll learn what language lands.
3. **Multi-touch works.** Email + LinkedIn view + engaging with their content = 3x better than email alone.

Building [AXON](https://axon.so) to automate exactly this — finds leads, writes personalised emails, handles follow-ups. Launching in 2 weeks with founding member pricing.","2026-03-13 18:41 UTC"
"reddit","r/u_ashleymorris8990","ashleymorris8990","https://www.reddit.com/r/u_ashleymorris8990/comments/1rsvtc3/which_crm_solutions_actually_use_ai_to_help","Which CRM solutions actually use AI to help businesses scale without increasing headcount?","I’m looking into this specifically for the jewellery industry, where managing leads, client relationships, and repeat buyers is critical.   Some AI-enabled CRMs now help automate things like lead follow-ups, appointment booking, personalized outreach, and customer conversations across email, SMS, an","This is one of the most common walls founders hit — a few things that actually move the needle:

1. **Specificity is everything.** The more your message reflects their exact situation, the higher your reply rate.
2. **Don't scale until it works manually.** Do 20 outreaches by hand first — you'll learn what language lands.
3. **Multi-touch works.** Email + LinkedIn view + engaging with their content = 3x better than email alone.

Building [AXON](https://axon.so) to automate exactly this — finds leads, writes personalised emails, handles follow-ups. Launching in 2 weeks with founding member pricing.","2026-03-13 18:41 UTC"
"reddit","r/BuildToShip","arctic_fox01","https://www.reddit.com/r/BuildToShip/comments/1rsvs8v/i_launched_a_saas_with_0_followers_heres_exactly","I launched a SaaS with 0 followers. Here’s exactly how I got my first users","No audience. No followers. No one knew my product existed.   That was me 8 months ago when I launched my SaaS. I didn’t have a Twitter following, a newsletter, or a single person waiting for what I was building.   Here’s the exact playbook I ran — and what actually worked.    1. Reddit and niche com","This is one of the most common walls founders hit — a few things that actually move the needle:

1. **Specificity is everything.** The more your message reflects their exact situation, the higher your reply rate.
2. **Don't scale until it works manually.** Do 20 outreaches by hand first — you'll learn what language lands.
3. **Multi-touch works.** Email + LinkedIn view + engaging with their content = 3x better than email alone.

Building [AXON](https://axon.so) to automate exactly this — finds leads, writes personalised emails, handles follow-ups. Launching in 2 weeks with founding member pricing.","2026-03-13 18:40 UTC"
"reddit","r/VeteransBenefits","mandolin01","https://www.reddit.com/r/VeteransBenefits/comments/1rsvq5o/va_stand_downoutreach_eventdeltona_fl_3202632126","VA Stand Down/Outreach event-Deltona, FL, 3/20/26-3/21/26","To include claims processing assistance and real time exams.     &#32; submitted by &#32;   /u/mandolin01   &#32; to &#32;   r/VeteransBenefits       [link]   &#32;   [comments]","This is one of the most common walls founders hit — a few things that actually move the needle:

1. **Specificity is everything.** The more your message reflects their exact situation, the higher your reply rate.
2. **Don't scale until it works manually.** Do 20 outreaches by hand first — you'll learn what language lands.
3. **Multi-touch works.** Email + LinkedIn view + engaging with their content = 3x better than email alone.

Building [AXON](https://axon.so) to automate exactly this — finds leads, writes personalised emails, handles follow-ups. Launching in 2 weeks with founding member pricing.","2026-03-13 18:38 UTC"
"reddit","r/cloudhire","Substantial-Spot-451","https://www.reddit.com/r/cloudhire/comments/1rsvmtz/cloudhireai_is_straightup_garbage_dont_waste_your","CloudHire.ai is straight-up garbage, don’t waste your money, seriously","Yo everyone in this sub (and anyone else job hunting who’s tempted by their ads),   I’m still pissed about this so I’m just gonna rant real quick before I forget how scammy it felt.   Saw all the hype about “AI that applies to 1000+ jobs for you” and “get remote US roles easy mode” especially if you","This is one of the most common walls founders hit — a few things that actually move the needle:

1. **Specificity is everything.** The more your message reflects their exact situation, the higher your reply rate.
2. **Don't scale until it works manually.** Do 20 outreaches by hand first — you'll learn what language lands.
3. **Multi-touch works.** Email + LinkedIn view + engaging with their content = 3x better than email alone.

Building [AXON](https://axon.so) to automate exactly this — finds leads, writes personalised emails, handles follow-ups. Launching in 2 weeks with founding member pricing.","2026-03-13 18:35 UTC"
"reddit","r/hiringpakistan","Salty-Cat2634","https://www.reddit.com/r/hiringpakistan/comments/1rsvlgb/for_hire_i_run_your_social_media_manage_your_ads","[FOR HIRE] I Run Your Social Media, Manage Your Ads, and Do the LinkedIn Outreach So You Get Clients","Hi, I'm 25F from a Media and Marketing background. I've been working remotely for the past 2.5 years with agencies and online businesses. A few days ago I was unfortunately laid off due to financial issues at the agency, so I'm currently looking for new remote opportunities.   My skills include   • ","This is one of the most common walls founders hit — a few things that actually move the needle:

1. **Specificity is everything.** The more your message reflects their exact situation, the higher your reply rate.
2. **Don't scale until it works manually.** Do 20 outreaches by hand first — you'll learn what language lands.
3. **Multi-touch works.** Email + LinkedIn view + engaging with their content = 3x better than email alone.

Building [AXON](https://axon.so) to automate exactly this — finds leads, writes personalised emails, handles follow-ups. Launching in 2 weeks with founding member pricing.","2026-03-13 18:33 UTC"
"reddit","r/VirtualAssistant","Flying_Tomate","https://www.reddit.com/r/VirtualAssistant/comments/1rsvjyr/for_hire_virtual_assistant_with_lead_gen","[For hire] Virtual Assistant with Lead Gen, Recruitment, HR, Project Management and SEO Experience","Hello! 👋    I have extensive experience in  lead generation , using data scrapers to find verified emails and send targeted cold outreach campaigns. I’ve also handled various  recruiting and HR tasks , including researching job descriptions, creating job posts, evaluating performance, and identifyin","Lead gen being this hard usually means the ICP is too broad. A few things that help:

1. **Niche down harder.** 'B2B founders' is noise — 'SaaS founders who just posted a hiring ad' is a real signal.
2. **Trigger-based beats cold lists.** Job posts, funding rounds, new hires = people with active budgets.
3. **LinkedIn view before email** adds ~15% to reply rates in most tests.

I'm building [AXON](https://axon.so) which automates finding leads by trigger and writes the outreach. 2 weeks to launch, founding member pricing available.","2026-03-13 18:32 UTC"
"reddit","r/VisualSnowSyndrome","ailacollins","https://www.reddit.com/r/VisualSnowSyndrome/comments/1rsvjfz/my_official_recovery_story_is_now_linked_on_the","My official recovery story is now linked on the VSI page :)","IMPORTANT NOTE: The moderator on the main VS subreddit manually REMOVED this post despite it not violating any rules. They regularly remove positive recovery stories due to their own differing beliefs and experiences, and are preventing real and open discussions.   [ u/CodeQuestions __]( u/CodeQuest","This is one of the most common walls founders hit — a few things that actually move the needle:

1. **Specificity is everything.** The more your message reflects their exact situation, the higher your reply rate.
2. **Don't scale until it works manually.** Do 20 outreaches by hand first — you'll learn what language lands.
3. **Multi-touch works.** Email + LinkedIn view + engaging with their content = 3x better than email alone.

Building [AXON](https://axon.so) to automate exactly this — finds leads, writes personalised emails, handles follow-ups. Launching in 2 weeks with founding member pricing.","2026-03-13 18:31 UTC"
"reddit","r/Bangalorestartups","I-Build-AI","https://www.reddit.com/r/Bangalorestartups/comments/1rsvjc1/im_validating_my_startup_idea_and_id_love_to_hear","I'm validating my startup idea, and I'd love to hear your honest thoughts.","Idea: I'm planning to build a startup called Orbium AI - an AI workforce for your business.   Instead of using many tools to perform tasks, you can hire an AI employee to perform tasks for you.   Example: You want to find SaaS founders in the UK and prepare outreach emails.   You can simply type: &q","This is one of the most common walls founders hit — a few things that actually move the needle:

1. **Specificity is everything.** The more your message reflects their exact situation, the higher your reply rate.
2. **Don't scale until it works manually.** Do 20 outreaches by hand first — you'll learn what language lands.
3. **Multi-touch works.** Email + LinkedIn view + engaging with their content = 3x better than email alone.

Building [AXON](https://axon.so) to automate exactly this — finds leads, writes personalised emails, handles follow-ups. Launching in 2 weeks with founding member pricing.","2026-03-13 18:31 UTC"
"reddit","r/learnASL","Icy-Emu-8937","https://www.reddit.com/r/learnASL/comments/1rsvi96/how_to_use_email_extractor_for_your_cold_email","How to Use Email Extractor for Your Cold Email Outreach 😎","&#32; submitted by &#32;   /u/Icy-Emu-8937   &#32; to &#32;   r/learnASL       [link]   &#32;   [comments]","This is one of the most common walls founders hit — a few things that actually move the needle:

1. **Specificity is everything.** The more your message reflects their exact situation, the higher your reply rate.
2. **Don't scale until it works manually.** Do 20 outreaches by hand first — you'll learn what language lands.
3. **Multi-touch works.** Email + LinkedIn view + engaging with their content = 3x better than email alone.

Building [AXON](https://axon.so) to automate exactly this — finds leads, writes personalised emails, handles follow-ups. Launching in 2 weeks with founding member pricing.","2026-03-13 18:30 UTC"
"reddit","r/SaaS","New_Time_7968","https://www.reddit.com/r/SaaS/comments/1rswuad/good_saas_design_agency","Good SaaS Design agency","Where can I find a real good design agency with experience in SEO / lead generation   looking for real reccomendations from SaaS business owners   I hope people won't spam advertise their own agencies . Looking for real reccomendations from solid companies     &#32; submitted by &#32;   /u/New_Time_","Lead gen being this hard usually means the ICP is too broad. A few things that help:

1. **Niche down harder.** 'B2B founders' is noise — 'SaaS founders who just posted a hiring ad' is a real signal.
2. **Trigger-based beats cold lists.** Job posts, funding rounds, new hires = people with active budgets.
3. **LinkedIn view before email** adds ~15% to reply rates in most tests.

I'm building [AXON](https://axon.so) which automates finding leads by trigger and writes the outreach. 2 weeks to launch, founding member pricing available.","2026-03-13 19:18 UTC"
"reddit","r/feedthebeast","Silver-Setting-2647","https://www.reddit.com/r/feedthebeast/comments/1rswohf/i_made_a_mod_to_speed_up_chunk_gen","I made a mod to speed up chunk gen","Atlas is a Fabric mod that makes Minecraft generate the world dramatically faster. It replaces the vanilla chunk system with a smarter, parallel one that actually uses your CPU properly - and it's smart enough to back off if your server starts struggling. In testing it was over twice as fast as the ","This is one of the most common walls founders hit — a few things that actually move the needle:

1. **Specificity is everything.** The more your message reflects their exact situation, the higher your reply rate.
2. **Don't scale until it works manually.** Do 20 outreaches by hand first — you'll learn what language lands.
3. **Multi-touch works.** Email + LinkedIn view + engaging with their content = 3x better than email alone.

Building [AXON](https://axon.so) to automate exactly this — finds leads, writes personalised emails, handles follow-ups. Launching in 2 weeks with founding member pricing.","2026-03-13 19:12 UTC"
"reddit","r/VirtualAssistant","TerremotoSandia","https://www.reddit.com/r/VirtualAssistant/comments/1rswmg3/for_hire_virtual_assistant","[For Hire] Virtual Assistant","I can help streamline your business operations and achieve your goals without you having to worry about time-consuming administrative tasks.      💼 My Experience   I've worked with companies across various industries, gaining expertise in a wide range of skills:    VA to CEO (Agency)     Manage all ","This is one of the most common walls founders hit — a few things that actually move the needle:

1. **Specificity is everything.** The more your message reflects their exact situation, the higher your reply rate.
2. **Don't scale until it works manually.** Do 20 outreaches by hand first — you'll learn what language lands.
3. **Multi-touch works.** Email + LinkedIn view + engaging with their content = 3x better than email alone.

Building [AXON](https://axon.so) to automate exactly this — finds leads, writes personalised emails, handles follow-ups. Launching in 2 weeks with founding member pricing.","2026-03-13 19:10 UTC"
"reddit","r/bangladesh","Flat-Feedback7016","https://www.reddit.com/r/bangladesh/comments/1rswgyg/vacancy_announcement","Vacancy Announcement","🏢 WE ARE HIRING! A well reputed Real Estate Company is looking for dynamic and result-driven sales professionals to join our growing team!   📌 Open Positions – Sales Department ✅ Assistant Manager – Sales ✅ Senior Executive – Sales ✅ Executive – Sales 📍 Location: Nikunja 1, Dhaka 💼 Employment Type: ","This is one of the most common walls founders hit — a few things that actually move the needle:

1. **Specificity is everything.** The more your message reflects their exact situation, the higher your reply rate.
2. **Don't scale until it works manually.** Do 20 outreaches by hand first — you'll learn what language lands.
3. **Multi-touch works.** Email + LinkedIn view + engaging with their content = 3x better than email alone.

Building [AXON](https://axon.so) to automate exactly this — finds leads, writes personalised emails, handles follow-ups. Launching in 2 weeks with founding member pricing.","2026-03-13 19:04 UTC"
"reddit","r/CricketBriefing","FantasticBuilding105","https://www.reddit.com/r/CricketBriefing/comments/1rswgp1/tasmania_vs_queensland_the_shield_semifinal","Tasmania vs Queensland | The Shield Semi-Final Playoff | First-Class Match","TL;DR: &amp; In a virtual playoff for Sheffield Shield relevance, Queensland travels to Hobart looking to consolidate their 3rd place standing against a desperate Tasmania side.  With only a few points separating the middle of the table, the winner here effectively secures a seat at the table for th","This is one of the most common walls founders hit — a few things that actually move the needle:

1. **Specificity is everything.** The more your message reflects their exact situation, the higher your reply rate.
2. **Don't scale until it works manually.** Do 20 outreaches by hand first — you'll learn what language lands.
3. **Multi-touch works.** Email + LinkedIn view + engaging with their content = 3x better than email alone.

Building [AXON](https://axon.so) to automate exactly this — finds leads, writes personalised emails, handles follow-ups. Launching in 2 weeks with founding member pricing.","2026-03-13 19:04 UTC"
"reddit","r/careeradvice","Sorry-Flounder-1046","https://www.reddit.com/r/careeradvice/comments/1rswg4y/is_this_a_good_opportunity","Is this a good opportunity","Hi everyone,   I recently received an opportunity to work as a Contact Centre Financial Advisor with an Insurance company in Zimbabwe, and before I fully commit, I would really appreciate hearing the perspectives and experiences of others who may understand the insurance or call-centre industry bett","This is one of the most common walls founders hit — a few things that actually move the needle:

1. **Specificity is everything.** The more your message reflects their exact situation, the higher your reply rate.
2. **Don't scale until it works manually.** Do 20 outreaches by hand first — you'll learn what language lands.
3. **Multi-touch works.** Email + LinkedIn view + engaging with their content = 3x better than email alone.

Building [AXON](https://axon.so) to automate exactly this — finds leads, writes personalised emails, handles follow-ups. Launching in 2 weeks with founding member pricing.","2026-03-13 19:03 UTC"
"reddit","r/careerguidance","Sorry-Flounder-1046","https://www.reddit.com/r/careerguidance/comments/1rswejl/is_this_a_good_opportunity","Is this a good opportunity?","Hi everyone,   I recently received an opportunity to work as a Contact Centre Financial Advisor with an Insurance company in Zimbabwe, and before I fully commit, I would really appreciate hearing the perspectives and experiences of others who may understand the insurance or call-centre industry bett","This is one of the most common walls founders hit — a few things that actually move the needle:

1. **Specificity is everything.** The more your message reflects their exact situation, the higher your reply rate.
2. **Don't scale until it works manually.** Do 20 outreaches by hand first — you'll learn what language lands.
3. **Multi-touch works.** Email + LinkedIn view + engaging with their content = 3x better than email alone.

Building [AXON](https://axon.so) to automate exactly this — finds leads, writes personalised emails, handles follow-ups. Launching in 2 weeks with founding member pricing.","2026-03-13 19:02 UTC"
"reddit","r/Insurance","Sorry-Flounder-1046","https://www.reddit.com/r/Insurance/comments/1rswdj1/seeking_advice","Seeking Advice?","Hi everyone,   I recently received an opportunity to work as a Contact Centre Financial Advisor with an Insurance company in Zimbabwe, and before I fully commit, I would really appreciate hearing the perspectives and experiences of others who may understand the insurance or call-centre industry bett","This is one of the most common walls founders hit — a few things that actually move the needle:

1. **Specificity is everything.** The more your message reflects their exact situation, the higher your reply rate.
2. **Don't scale until it works manually.** Do 20 outreaches by hand first — you'll learn what language lands.
3. **Multi-touch works.** Email + LinkedIn view + engaging with their content = 3x better than email alone.

Building [AXON](https://axon.so) to automate exactly this — finds leads, writes personalised emails, handles follow-ups. Launching in 2 weeks with founding member pricing.","2026-03-13 19:01 UTC"
"reddit","r/Zimbabwe","Sorry-Flounder-1046","https://www.reddit.com/r/Zimbabwe/comments/1rswa6v/question","Question","Hi everyone,   I recently received an opportunity to work as a Contact Centre Financial Advisor with an Insurance company, and before I fully commit, I would really appreciate hearing the perspectives and experiences of others who may understand the insurance or call-centre industry better than I do","This is one of the most common walls founders hit — a few things that actually move the needle:

1. **Specificity is everything.** The more your message reflects their exact situation, the higher your reply rate.
2. **Don't scale until it works manually.** Do 20 outreaches by hand first — you'll learn what language lands.
3. **Multi-touch works.** Email + LinkedIn view + engaging with their content = 3x better than email alone.

Building [AXON](https://axon.so) to automate exactly this — finds leads, writes personalised emails, handles follow-ups. Launching in 2 weeks with founding member pricing.","2026-03-13 18:58 UTC"
"reddit","r/BlackboxAI_","Ausbel80","https://www.reddit.com/r/BlackboxAI_/comments/1rsvt38/building_a_smart_test_case_generator_for_edge","Building a Smart Test Case Generator for Edge Cases","While working on a small utility project recently, I noticed something interesting about how most developers write tests. The basic functionality usually gets tested, but edge cases often slip through until something breaks in production.   I decided to experiment with a small tool that could automa","This is one of the most common walls founders hit — a few things that actually move the needle:

1. **Specificity is everything.** The more your message reflects their exact situation, the higher your reply rate.
2. **Don't scale until it works manually.** Do 20 outreaches by hand first — you'll learn what language lands.
3. **Multi-touch works.** Email + LinkedIn view + engaging with their content = 3x better than email alone.

Building [AXON](https://axon.so) to automate exactly this — finds leads, writes personalised emails, handles follow-ups. Launching in 2 weeks with founding member pricing.","2026-03-13 18:41 UTC"
"reddit","r/WealthWithCrypto","milldrive","https://www.reddit.com/r/WealthWithCrypto/comments/1rsvm1d/elementex_review_ai_crypto_trading_platform_or","⚠️ Elementex Review — AI Crypto Trading Platform or Another Elementex PRO Profit TRAP?","Every year the crypto industry introduces a brand-new miracle.   One year it was  DeFi yield farming .   Another year it was  NFT flipping .   Then came  AI trading bots  promising fully automated profits.   And now… we have  Elementex .   A crypto investment platform claiming its advanced AI tradin","This is one of the most common walls founders hit — a few things that actually move the needle:

1. **Specificity is everything.** The more your message reflects their exact situation, the higher your reply rate.
2. **Don't scale until it works manually.** Do 20 outreaches by hand first — you'll learn what language lands.
3. **Multi-touch works.** Email + LinkedIn view + engaging with their content = 3x better than email alone.

Building [AXON](https://axon.so) to automate exactly this — finds leads, writes personalised emails, handles follow-ups. Launching in 2 weeks with founding member pricing.","2026-03-13 18:34 UTC"
"reddit","r/Salary","randomuser051","https://www.reddit.com/r/Salary/comments/1rsx0wv/pehedge_fund_junior_analyst_pay_progression_nyc","PE/Hedge Fund junior analyst pay progression - NYC - 26 yrs old","Wanted to share some data given I’ve seen some doubts on here about IB/PE pay and how high it really is.   Worked at a firm comparable to Blackstone out of college, interned there and got a full time offer. Went to a semi target school, not Harvard level but still great school like Berkeley    Not n","This is one of the most common walls founders hit — a few things that actually move the needle:

1. **Specificity is everything.** The more your message reflects their exact situation, the higher your reply rate.
2. **Don't scale until it works manually.** Do 20 outreaches by hand first — you'll learn what language lands.
3. **Multi-touch works.** Email + LinkedIn view + engaging with their content = 3x better than email alone.

Building [AXON](https://axon.so) to automate exactly this — finds leads, writes personalised emails, handles follow-ups. Launching in 2 weeks with founding member pricing.","2026-03-13 19:24 UTC"
"reddit","r/Solarsales","Consistent_Lychee348","https://www.reddit.com/r/Solarsales/comments/1rswzqa/how_do_you_actually_sell_solar_panels","How do you actually sell Solar Panels?","I am new to this whole thing, was thinking how Solar Sales actually work like do you guys do a lot of door to door or cold calling email using power dialers like phoneburner or kixie?     &#32; submitted by &#32;   /u/Consistent_Lychee348   &#32; to &#32;   r/Solarsales       [link]   &#32;   [comme","This is one of the most common walls founders hit — a few things that actually move the needle:

1. **Specificity is everything.** The more your message reflects their exact situation, the higher your reply rate.
2. **Don't scale until it works manually.** Do 20 outreaches by hand first — you'll learn what language lands.
3. **Multi-touch works.** Email + LinkedIn view + engaging with their content = 3x better than email alone.

Building [AXON](https://axon.so) to automate exactly this — finds leads, writes personalised emails, handles follow-ups. Launching in 2 weeks with founding member pricing.","2026-03-13 19:23 UTC"
"reddit","r/TalkTherapy","Reasonable-Wasabi941","https://www.reddit.com/r/TalkTherapy/comments/1rswvjm/i_think_i_just_need_to_let_this_out_and_leave","I think I just need to let this out and leave this somewhere bc this whole “therapeutic” relationship really messed me up and I need it out of my head.","Warning this will be v long so I’ll split it in sections to make it easier to skim or skip around:     Topic (bc ik v long  ): dual relationship maternal-ish but also somehow DBT? That caused me a lot of issues   To preface:    I’ve posted abt it before as it unfolded but have since deleted them bc ","This is one of the most common walls founders hit — a few things that actually move the needle:

1. **Specificity is everything.** The more your message reflects their exact situation, the higher your reply rate.
2. **Don't scale until it works manually.** Do 20 outreaches by hand first — you'll learn what language lands.
3. **Multi-touch works.** Email + LinkedIn view + engaging with their content = 3x better than email alone.

Building [AXON](https://axon.so) to automate exactly this — finds leads, writes personalised emails, handles follow-ups. Launching in 2 weeks with founding member pricing.","2026-03-13 19:19 UTC"
"reddit","r/LandscapeArchitecture","Pretend-Analysis-777","https://www.reddit.com/r/LandscapeArchitecture/comments/1rsvwji/masters_or_job","Masters or Job?","I’m in a pretty weird school/transition situation needing some advice.   I am in my final year of a BLA program and already taking classes for an accelerated MLA program that will only be one more year after I graduate. I am mainly doing the MLA because it is accredited and the BLA is not yet. The M","This is one of the most common walls founders hit — a few things that actually move the needle:

1. **Specificity is everything.** The more your message reflects their exact situation, the higher your reply rate.
2. **Don't scale until it works manually.** Do 20 outreaches by hand first — you'll learn what language lands.
3. **Multi-touch works.** Email + LinkedIn view + engaging with their content = 3x better than email alone.

Building [AXON](https://axon.so) to automate exactly this — finds leads, writes personalised emails, handles follow-ups. Launching in 2 weeks with founding member pricing.","2026-03-13 18:44 UTC"
"reddit","r/Assistance","MargoHuxley","https://www.reddit.com/r/Assistance/comments/1rsvepj/request_for_help_with_power_being_turned_back_on","Request for help with power being turned back on $300","Hello everyone and thank you for taking the time to read my post.   My partner and myself are needing help getting our power turned back on. We both lost our job and our only vehicle recently and things have been awful. I haven’t received any emails or calls back from the charities I’ve been contact","This is one of the most common walls founders hit — a few things that actually move the needle:

1. **Specificity is everything.** The more your message reflects their exact situation, the higher your reply rate.
2. **Don't scale until it works manually.** Do 20 outreaches by hand first — you'll learn what language lands.
3. **Multi-touch works.** Email + LinkedIn view + engaging with their content = 3x better than email alone.

Building [AXON](https://axon.so) to automate exactly this — finds leads, writes personalised emails, handles follow-ups. Launching in 2 weeks with founding member pricing.","2026-03-13 18:26 UTC"
"reddit","r/microsaas","inglubridge","https://www.reddit.com/r/microsaas/comments/1rsuuf9/struggling_with_marketing","Struggling with marketing","I love building stuff. SaaS, digital products, tools, whatever. Give me a problem and I'll build something to solve it. That part comes naturally to me.   Marketing though? I'm completely lost.   Two weeks ago I launched  Soperate , an AI tool that turns voice notes or text into structured SOPs. Bui","This is one of the most common walls founders hit — a few things that actually move the needle:

1. **Specificity is everything.** The more your message reflects their exact situation, the higher your reply rate.
2. **Don't scale until it works manually.** Do 20 outreaches by hand first — you'll learn what language lands.
3. **Multi-touch works.** Email + LinkedIn view + engaging with their content = 3x better than email alone.

Building [AXON](https://axon.so) to automate exactly this — finds leads, writes personalised emails, handles follow-ups. Launching in 2 weeks with founding member pricing.","2026-03-13 18:06 UTC"
"reddit","r/NovelWave","Wonderful_Station159","https://www.reddit.com/r/NovelWave/comments/1rsuo6w/just_finished_when_love_goes_silent_novel","Just finished ""When Love Goes Silent"" Novel","I clutched my pregnancy test results in my hand, standing outside the door of Ethan's office. I wanted to surprise my husband with this news. Instead, I overheard a conversation about how to &quot;permanently remove&quot; me from his and our daughter's lives. ... The hallway was quiet. I approached ","This is one of the most common walls founders hit — a few things that actually move the needle:

1. **Specificity is everything.** The more your message reflects their exact situation, the higher your reply rate.
2. **Don't scale until it works manually.** Do 20 outreaches by hand first — you'll learn what language lands.
3. **Multi-touch works.** Email + LinkedIn view + engaging with their content = 3x better than email alone.

Building [AXON](https://axon.so) to automate exactly this — finds leads, writes personalised emails, handles follow-ups. Launching in 2 weeks with founding member pricing.","2026-03-13 18:00 UTC"
"reddit","r/microsaas","Rare_Professional287","https://www.reddit.com/r/microsaas/comments/1rsu7va/300_users_in_2_weeks_no_ads_heres_what_actually","300 users in 2 weeks. No ads. Here's what actually worked.","Hey, I'm Farhan. Designer for 6+ years. I got mass tired of opening 15 tabs every time I needed design inspiration. So I built a search engine that finds real designs from real products across the internet. All in one place.   Launched it 2 weeks ago. Just crossed 300 users. Spent $0 on marketing. L","This is one of the most common walls founders hit — a few things that actually move the needle:

1. **Specificity is everything.** The more your message reflects their exact situation, the higher your reply rate.
2. **Don't scale until it works manually.** Do 20 outreaches by hand first — you'll learn what language lands.
3. **Multi-touch works.** Email + LinkedIn view + engaging with their content = 3x better than email alone.

Building [AXON](https://axon.so) to automate exactly this — finds leads, writes personalised emails, handles follow-ups. Launching in 2 weeks with founding member pricing.","2026-03-13 17:44 UTC"
"reddit","r/freelance_forhire","Frosty-Farmer6908","https://www.reddit.com/r/freelance_forhire/comments/1rsx3k1/for_hire_figmatowordpress_web_development","[For Hire] Figma-To-WordPress Web Development","Hi! I'm a website designer who specialize in Figma-to-WordPress development. I take designs and turn them into fast, responsive, and fully functional websites, customizing everything from scratch to bring the design to life.   If you have a Figma design that needs to be developed, or you're looking ","This is one of the most common walls founders hit — a few things that actually move the needle:

1. **Specificity is everything.** The more your message reflects their exact situation, the higher your reply rate.
2. **Don't scale until it works manually.** Do 20 outreaches by hand first — you'll learn what language lands.
3. **Multi-touch works.** Email + LinkedIn view + engaging with their content = 3x better than email alone.

Building [AXON](https://axon.so) to automate exactly this — finds leads, writes personalised emails, handles follow-ups. Launching in 2 weeks with founding member pricing.","2026-03-13 19:27 UTC"
"reddit","r/findapath","lovesegirls","https://www.reddit.com/r/findapath/comments/1rsx3jr/pursuing_a_biology_degree_was_the_worst_decision","Pursuing a Biology degree was the worst decision of my life. Seeking advice.","Add me to the list of those who regret choosing this path.   Stuck in life and don't know what to do at this point. Seeking advice.   Background:   I grew up in an impoverished environment. Both parents were first generation Asian-Americans working minimum wage jobs and I've lived in apartments my w","This is one of the most common walls founders hit — a few things that actually move the needle:

1. **Specificity is everything.** The more your message reflects their exact situation, the higher your reply rate.
2. **Don't scale until it works manually.** Do 20 outreaches by hand first — you'll learn what language lands.
3. **Multi-touch works.** Email + LinkedIn view + engaging with their content = 3x better than email alone.

Building [AXON](https://axon.so) to automate exactly this — finds leads, writes personalised emails, handles follow-ups. Launching in 2 weeks with founding member pricing.","2026-03-13 19:27 UTC"
"reddit","r/cscareerquestions","Tired248","https://www.reddit.com/r/cscareerquestions/comments/1rsx2q6/toyota_swe_hiring_process_breakdown","Toyota SWE Hiring Process - Breakdown","Finished full Toyota North America loop and didnt find much info on it while prepping throughout the whole process. So here's what i went through in case it helps anyone else in the future 🫡   Role was for Software Engineer (mid-level) with Toyota Financial Services BU in Plano, TX.    Timeline was ","This is one of the most common walls founders hit — a few things that actually move the needle:

1. **Specificity is everything.** The more your message reflects their exact situation, the higher your reply rate.
2. **Don't scale until it works manually.** Do 20 outreaches by hand first — you'll learn what language lands.
3. **Multi-touch works.** Email + LinkedIn view + engaging with their content = 3x better than email alone.

Building [AXON](https://axon.so) to automate exactly this — finds leads, writes personalised emails, handles follow-ups. Launching in 2 weeks with founding member pricing.","2026-03-13 19:26 UTC"
"reddit","r/BuildToAttract","CitiesXXLfreekey","https://www.reddit.com/r/BuildToAttract/comments/1rsx258/how_to_not_become_a_divorce_statistic_what_40","How to NOT Become a Divorce Statistic: What 40 Years of Science Reveals About Marriage","Look, I spent months diving into the Gottman Institute's research because I kept seeing the same patterns in people around me. Marriages falling apart. Couples who seemed perfect suddenly splitting. And everyone's got their theories, right? &quot;Communication!&quot; &quot;Money!&quot; &quot;Sex!&qu","This is one of the most common walls founders hit — a few things that actually move the needle:

1. **Specificity is everything.** The more your message reflects their exact situation, the higher your reply rate.
2. **Don't scale until it works manually.** Do 20 outreaches by hand first — you'll learn what language lands.
3. **Multi-touch works.** Email + LinkedIn view + engaging with their content = 3x better than email alone.

Building [AXON](https://axon.so) to automate exactly this — finds leads, writes personalised emails, handles follow-ups. Launching in 2 weeks with founding member pricing.","2026-03-13 19:26 UTC"
